artist,name,fl,ob,cl,fg,tp,tb,hr,tuba,timp,others
Artist-0,Music-0,1,2,1,2,2,0,0,0,1,AAA
Artist-0,Music-1,0,0,1,1,0,0,1,0,0,AAA
Artist-0,Music-2,1,1,0,0,1,1,1,0,0,AAA
Artist-0,Music-3,1,0,1,1,0,1,0,1,0,AAA
Artist-0,Music-4,1,1,0,2,2,1,2,0,0,AAA
Artist-0,Music-5,1,0,2,0,2,1,2,0,0,AAA
Artist-0,Music-6,2,1,2,0,0,0,0,0,0,AAA
Artist-0,Music-7,1,1,0,0,2,0,2,2,0,AAA
Artist-0,Music-8,2,2,2,0,2,2,1,1,0,AAA
Artist-0,Music-9,1,0,1,0,0,1,1,2,0,AAA
Artist-1,Music-0,2,1,2,0,0,1,1,2,1,AAA
Artist-1,Music-1,1,2,1,2,0,1,2,2,1,AAA
Artist-1,Music-2,0,2,0,0,2,2,2,2,1,AAA
Artist-1,Music-3,2,1,1,0,2,2,2,2,0,AAA
Artist-1,Music-4,0,0,2,1,2,1,2,1,1,AAA
Artist-1,Music-5,1,2,2,2,1,1,2,2,0,AAA
Artist-1,Music-6,2,1,0,1,0,2,1,0,0,AAA
Artist-1,Music-7,0,1,2,0,1,1,2,1,0,AAA
Artist-1,Music-8,0,0,1,0,2,1,1,2,0,AAA
Artist-1,Music-9,0,0,1,0,2,2,0,1,0,AAA
Artist-2,Music-0,2,2,2,0,2,1,1,1,0,AAA
Artist-2,Music-1,1,1,1,2,2,2,0,0,0,AAA
Artist-2,Music-2,1,0,2,2,0,2,0,0,0,AAA
Artist-2,Music-3,0,2,1,1,2,0,2,2,0,AAA
Artist-2,Music-4,2,0,0,1,1,0,2,1,0,AAA
Artist-2,Music-5,2,1,1,2,0,1,1,0,0,AAA
Artist-2,Music-6,2,0,1,2,2,1,0,2,0,AAA
Artist-2,Music-7,2,0,1,0,1,1,0,1,1,AAA
Artist-2,Music-8,1,2,0,0,0,0,2,2,1,AAA
Artist-2,Music-9,1,1,1,0,2,1,1,2,1,AAA
Artist-3,Music-0,2,1,0,2,1,0,2,0,0,AAA
Artist-3,Music-1,2,2,0,2,2,2,0,1,0,AAA
Artist-3,Music-2,1,1,2,0,0,1,2,2,0,AAA
Artist-3,Music-3,1,0,1,1,0,0,0,2,0,AAA
Artist-3,Music-4,1,1,0,0,1,1,0,2,1,AAA
Artist-3,Music-5,1,2,1,0,0,0,0,1,0,AAA
Artist-3,Music-6,1,2,0,2,2,1,2,2,0,AAA
Artist-3,Music-7,0,1,0,0,2,1,0,1,0,AAA
Artist-3,Music-8,2,1,1,1,1,0,0,1,0,AAA
Artist-3,Music-9,0,0,1,2,1,2,2,0,0,AAA
Artist-4,Music-0,1,2,0,1,1,0,2,0,0,AAA
Artist-4,Music-1,1,2,2,2,0,0,0,0,1,AAA
Artist-4,Music-2,2,0,2,2,1,2,1,2,1,AAA
Artist-4,Music-3,1,1,1,2,0,2,2,2,1,AAA
Artist-4,Music-4,0,0,2,1,0,1,2,0,0,AAA
Artist-4,Music-5,2,2,0,2,0,1,1,2,1,AAA
Artist-4,Music-6,2,1,2,1,0,1,0,2,1,AAA
Artist-4,Music-7,2,0,2,2,2,0,1,0,0,AAA
Artist-4,Music-8,1,1,2,0,1,0,1,2,1,AAA
Artist-4,Music-9,2,1,0,1,1,0,0,1,0,AAA
Artist-5,Music-0,0,2,1,2,2,2,2,2,1,AAA
Artist-5,Music-1,1,0,0,0,2,2,0,0,1,AAA
Artist-5,Music-2,0,1,1,0,2,0,0,2,1,AAA
Artist-5,Music-3,2,1,2,0,1,1,2,1,1,AAA
Artist-5,Music-4,0,1,1,1,1,0,2,0,1,AAA
Artist-5,Music-5,0,0,1,2,2,2,2,1,0,AAA
Artist-5,Music-6,1,1,2,0,1,2,2,2,0,AAA
Artist-5,Music-7,1,2,1,0,0,0,0,1,0,AAA
Artist-5,Music-8,0,0,0,0,2,1,1,1,0,AAA
Artist-5,Music-9,1,1,1,0,0,2,2,0,0,AAA
Artist-6,Music-0,1,2,2,2,2,1,0,2,1,AAA
Artist-6,Music-1,0,1,2,2,1,2,2,2,0,AAA
Artist-6,Music-2,1,0,0,2,2,2,1,2,1,AAA
Artist-6,Music-3,1,1,1,0,2,2,0,0,1,AAA
Artist-6,Music-4,1,1,1,1,2,1,1,1,1,AAA
Artist-6,Music-5,1,2,1,0,2,2,2,1,0,AAA
Artist-6,Music-6,0,0,2,2,2,0,1,0,0,AAA
Artist-6,Music-7,1,0,0,0,2,2,2,1,1,AAA
Artist-6,Music-8,2,2,2,0,0,2,1,1,0,AAA
Artist-6,Music-9,0,2,1,2,2,0,0,0,0,AAA
Artist-7,Music-0,1,1,0,2,1,0,2,2,1,AAA
Artist-7,Music-1,0,2,1,1,1,1,0,2,0,AAA
Artist-7,Music-2,1,0,1,2,1,0,0,2,0,AAA
Artist-7,Music-3,0,0,0,0,2,0,1,1,1,AAA
Artist-7,Music-4,2,2,2,0,2,1,1,1,1,AAA
Artist-7,Music-5,0,2,2,2,0,1,0,2,1,AAA
Artist-7,Music-6,0,2,1,1,1,1,2,1,1,AAA
Artist-7,Music-7,2,0,2,0,0,1,0,1,1,AAA
Artist-7,Music-8,2,2,0,1,1,2,0,0,1,AAA
Artist-7,Music-9,1,1,0,1,2,2,2,0,1,AAA
Artist-8,Music-0,2,0,1,1,1,1,0,1,1,AAA
Artist-8,Music-1,0,0,0,2,2,2,1,1,0,AAA
Artist-8,Music-2,0,2,0,1,0,2,2,0,1,AAA
Artist-8,Music-3,2,1,0,1,1,2,2,1,1,AAA
Artist-8,Music-4,0,1,0,2,0,2,2,0,0,AAA
Artist-8,Music-5,1,0,0,1,0,1,2,0,1,AAA
Artist-8,Music-6,2,2,1,0,1,2,0,0,0,AAA
Artist-8,Music-7,1,0,2,1,0,2,2,0,0,AAA
Artist-8,Music-8,2,0,2,2,1,1,1,0,0,AAA
Artist-8,Music-9,0,2,2,2,1,2,0,1,1,AAA
Artist-9,Music-0,0,2,2,2,1,1,1,1,0,AAA
Artist-9,Music-1,2,1,0,1,1,0,1,0,1,AAA
Artist-9,Music-2,1,1,0,1,0,1,0,2,0,AAA
Artist-9,Music-3,0,0,1,2,1,1,2,1,1,AAA
Artist-9,Music-4,1,2,2,2,0,1,0,1,1,AAA
Artist-9,Music-5,2,2,1,1,2,1,1,1,1,AAA
Artist-9,Music-6,2,0,0,0,0,0,0,2,1,AAA
Artist-9,Music-7,2,1,1,0,2,2,2,0,1,AAA
Artist-9,Music-8,0,2,0,2,0,1,0,1,0,AAA
Artist-9,Music-9,0,2,0,1,0,1,2,1,0,AAA
Artist-10,Music-0,1,2,0,1,0,1,0,2,1,AAA
Artist-10,Music-1,1,2,0,1,0,0,2,2,0,AAA
Artist-10,Music-2,2,1,0,2,2,2,1,2,1,AAA
Artist-10,Music-3,0,1,2,1,2,0,1,2,1,AAA
Artist-10,Music-4,0,2,2,1,2,0,2,2,0,AAA
Artist-10,Music-5,2,2,0,1,1,0,2,0,1,AAA
Artist-10,Music-6,1,2,2,2,1,0,0,1,1,AAA
Artist-10,Music-7,2,1,0,0,0,0,2,1,1,AAA
Artist-10,Music-8,1,0,2,1,2,0,1,2,0,AAA
Artist-10,Music-9,2,0,2,0,0,1,2,0,1,AAA
Artist-11,Music-0,1,1,2,1,0,0,1,1,1,AAA
Artist-11,Music-1,1,1,1,0,0,1,1,1,0,AAA
Artist-11,Music-2,2,2,1,0,1,2,1,1,0,AAA
Artist-11,Music-3,0,1,1,0,0,0,0,0,0,AAA
Artist-11,Music-4,0,1,1,1,0,2,0,0,1,AAA
Artist-11,Music-5,1,1,2,2,0,1,2,0,1,AAA
Artist-11,Music-6,0,2,1,0,2,0,2,1,1,AAA
Artist-11,Music-7,1,0,1,0,1,1,0,1,1,AAA
Artist-11,Music-8,2,0,2,0,0,0,0,1,1,AAA
Artist-11,Music-9,2,2,2,0,1,2,1,2,0,AAA
Artist-12,Music-0,2,2,2,0,0,0,1,1,1,AAA
Artist-12,Music-1,1,0,2,0,0,0,2,1,1,AAA
Artist-12,Music-2,0,2,0,1,0,0,0,1,1,AAA
Artist-12,Music-3,1,2,1,1,1,0,2,1,1,AAA
Artist-12,Music-4,1,1,0,2,2,0,1,0,1,AAA
Artist-12,Music-5,1,1,2,2,2,1,2,0,0,AAA
Artist-12,Music-6,0,0,1,1,1,0,1,0,1,AAA
Artist-12,Music-7,2,0,0,0,2,2,0,2,0,AAA
Artist-12,Music-8,1,1,0,2,1,1,0,2,0,AAA
Artist-12,Music-9,1,0,0,0,1,1,0,1,0,AAA
Artist-13,Music-0,2,1,2,0,0,2,0,1,1,AAA
Artist-13,Music-1,1,0,0,0,0,2,1,1,1,AAA
Artist-13,Music-2,1,1,1,2,2,0,0,0,0,AAA
Artist-13,Music-3,2,1,2,0,0,0,1,1,1,AAA
Artist-13,Music-4,1,0,0,0,2,2,0,2,1,AAA
Artist-13,Music-5,1,2,1,2,1,2,1,1,0,AAA
Artist-13,Music-6,1,1,1,0,1,1,2,0,1,AAA
Artist-13,Music-7,2,1,0,2,2,1,0,1,1,AAA
Artist-13,Music-8,1,2,0,1,1,1,0,0,1,AAA
Artist-13,Music-9,0,0,1,0,0,2,0,1,1,AAA
Artist-14,Music-0,1,0,1,1,1,2,0,2,0,AAA
Artist-14,Music-1,0,0,0,2,2,2,0,1,1,AAA
Artist-14,Music-2,1,0,2,2,2,0,0,2,1,AAA
Artist-14,Music-3,1,2,0,2,0,0,1,1,0,AAA
Artist-14,Music-4,1,1,2,0,2,0,0,0,1,AAA
Artist-14,Music-5,2,1,2,2,0,1,1,1,1,AAA
Artist-14,Music-6,2,1,1,2,2,2,1,1,1,AAA
Artist-14,Music-7,0,0,1,0,1,2,2,2,0,AAA
Artist-14,Music-8,1,2,1,2,0,0,0,0,1,AAA
Artist-14,Music-9,0,0,1,2,0,2,2,1,0,AAA
Artist-15,Music-0,1,0,1,1,1,1,1,1,0,AAA
Artist-15,Music-1,2,1,1,1,0,2,0,1,0,AAA
Artist-15,Music-2,1,1,0,1,0,2,2,2,1,AAA
Artist-15,Music-3,2,0,2,0,0,1,0,0,0,AAA
Artist-15,Music-4,1,0,2,1,0,1,2,2,1,AAA
Artist-15,Music-5,0,2,1,0,2,2,2,2,1,AAA
Artist-15,Music-6,2,0,1,0,2,0,1,2,1,AAA
Artist-15,Music-7,1,1,2,2,2,0,1,0,0,AAA
Artist-15,Music-8,1,0,2,0,2,2,1,2,1,AAA
Artist-15,Music-9,0,2,2,1,2,0,2,1,0,AAA
Artist-16,Music-0,0,0,1,2,2,1,1,2,1,AAA
Artist-16,Music-1,1,1,1,1,1,2,0,0,0,AAA
Artist-16,Music-2,2,0,2,2,0,0,0,2,0,AAA
Artist-16,Music-3,1,2,1,1,1,1,1,2,0,AAA
Artist-16,Music-4,2,0,0,1,2,2,0,0,0,AAA
Artist-16,Music-5,0,2,0,2,1,1,1,2,0,AAA
Artist-16,Music-6,0,1,2,0,0,0,1,0,0,AAA
Artist-16,Music-7,1,2,2,2,1,1,0,1,1,AAA
Artist-16,Music-8,1,1,0,1,1,2,2,0,1,AAA
Artist-16,Music-9,1,2,2,2,2,0,0,0,0,AAA
Artist-17,Music-0,2,0,2,2,2,0,0,1,0,AAA
Artist-17,Music-1,1,1,1,2,2,0,0,0,0,AAA
Artist-17,Music-2,2,0,2,2,0,2,1,1,0,AAA
Artist-17,Music-3,0,2,1,2,1,0,1,0,1,AAA
Artist-17,Music-4,2,1,1,1,2,1,2,2,0,AAA
Artist-17,Music-5,1,0,0,1,1,0,2,2,0,AAA
Artist-17,Music-6,2,2,0,1,2,2,2,1,1,AAA
Artist-17,Music-7,2,1,2,1,0,0,0,0,0,AAA
Artist-17,Music-8,2,0,2,2,2,2,2,1,0,AAA
Artist-17,Music-9,1,1,0,1,0,1,0,1,1,AAA
Artist-18,Music-0,2,0,1,1,1,1,2,2,1,AAA
Artist-18,Music-1,1,0,2,2,0,0,0,2,1,AAA
Artist-18,Music-2,2,0,2,2,0,1,1,0,1,AAA
Artist-18,Music-3,2,2,1,1,1,0,1,2,0,AAA
Artist-18,Music-4,1,2,1,0,0,1,1,1,1,AAA
Artist-18,Music-5,0,1,0,0,2,2,2,2,1,AAA
Artist-18,Music-6,0,0,0,1,2,0,0,0,0,AAA
Artist-18,Music-7,1,0,2,1,1,2,0,1,1,AAA
Artist-18,Music-8,2,2,1,2,1,2,1,0,0,AAA
Artist-18,Music-9,0,0,2,2,1,2,0,2,0,AAA
Artist-19,Music-0,1,0,1,0,1,0,0,0,0,AAA
Artist-19,Music-1,2,0,1,1,0,2,2,1,0,AAA
Artist-19,Music-2,1,2,1,1,1,2,1,2,1,AAA
Artist-19,Music-3,2,1,1,1,2,1,2,1,0,AAA
Artist-19,Music-4,1,2,2,0,1,1,1,2,1,AAA
Artist-19,Music-5,2,2,1,2,2,2,1,0,0,AAA
Artist-19,Music-6,1,0,0,2,0,2,0,0,1,AAA
Artist-19,Music-7,1,1,1,2,2,0,0,1,0,AAA
Artist-19,Music-8,1,0,1,0,2,1,0,0,0,AAA
Artist-19,Music-9,0,0,1,2,1,1,1,1,0,AAA
Artist-20,Music-0,2,0,0,0,2,0,2,2,1,AAA
Artist-20,Music-1,0,0,0,1,1,1,2,2,1,AAA
Artist-20,Music-2,2,0,2,0,2,2,1,2,0,AAA
Artist-20,Music-3,2,0,2,1,0,1,2,1,1,AAA
Artist-20,Music-4,0,0,1,1,1,0,1,0,1,AAA
Artist-20,Music-5,1,0,2,0,0,1,1,0,0,AAA
Artist-20,Music-6,1,0,1,0,0,0,2,0,0,AAA
Artist-20,Music-7,1,1,0,2,0,0,1,2,1,AAA
Artist-20,Music-8,1,0,2,2,1,1,1,0,0,AAA
Artist-20,Music-9,2,1,1,0,0,1,0,1,1,AAA
Artist-21,Music-0,2,1,2,1,2,0,2,2,1,AAA
Artist-21,Music-1,1,1,2,1,0,0,0,0,1,AAA
Artist-21,Music-2,1,2,2,0,1,1,0,2,0,AAA
Artist-21,Music-3,1,1,1,2,1,1,2,1,1,AAA
Artist-21,Music-4,2,0,1,1,2,1,2,0,0,AAA
Artist-21,Music-5,0,1,0,0,2,2,2,1,0,AAA
Artist-21,Music-6,2,2,1,2,0,2,2,2,1,AAA
Artist-21,Music-7,2,1,0,0,0,0,0,0,0,AAA
Artist-21,Music-8,2,0,2,0,2,0,0,1,1,AAA
Artist-21,Music-9,0,0,1,1,2,1,0,2,1,AAA
Artist-22,Music-0,1,1,1,1,1,0,1,1,0,AAA
Artist-22,Music-1,0,2,2,1,1,0,1,2,1,AAA
Artist-22,Music-2,2,0,2,1,2,0,1,1,0,AAA
Artist-22,Music-3,1,1,2,1,1,2,2,2,1,AAA
Artist-22,Music-4,0,0,0,2,0,2,0,2,1,AAA
Artist-22,Music-5,0,0,2,2,0,0,0,0,1,AAA
Artist-22,Music-6,2,0,2,0,0,0,1,0,0,AAA
Artist-22,Music-7,2,0,2,2,1,1,2,1,0,AAA
Artist-22,Music-8,1,1,2,0,0,2,2,1,0,AAA
Artist-22,Music-9,2,0,2,1,2,1,1,1,0,AAA
Artist-23,Music-0,1,2,2,0,2,2,2,0,1,AAA
Artist-23,Music-1,0,2,0,1,1,2,0,1,0,AAA
Artist-23,Music-2,2,1,1,0,1,0,0,0,1,AAA
Artist-23,Music-3,2,2,1,1,1,2,0,2,1,AAA
Artist-23,Music-4,0,2,1,2,0,1,1,1,1,AAA
Artist-23,Music-5,0,2,2,2,0,0,0,1,1,AAA
Artist-23,Music-6,1,1,0,0,0,0,0,2,0,AAA
Artist-23,Music-7,0,1,0,1,0,2,2,2,0,AAA
Artist-23,Music-8,0,2,2,0,2,0,1,2,0,AAA
Artist-23,Music-9,2,0,2,2,0,0,2,2,1,AAA
Artist-24,Music-0,2,1,1,0,2,1,2,2,0,AAA
Artist-24,Music-1,2,2,0,1,1,2,0,0,1,AAA
Artist-24,Music-2,0,0,1,1,0,1,0,2,1,AAA
Artist-24,Music-3,0,2,2,0,2,1,1,1,0,AAA
Artist-24,Music-4,0,2,2,0,2,0,2,1,0,AAA
Artist-24,Music-5,2,2,0,2,1,0,1,2,0,AAA
Artist-24,Music-6,1,0,1,2,0,0,0,1,1,AAA
Artist-24,Music-7,2,0,2,1,1,1,1,1,0,AAA
Artist-24,Music-8,0,1,2,2,2,2,0,0,0,AAA
Artist-24,Music-9,0,2,1,2,1,1,0,1,0,AAA
Artist-25,Music-0,0,0,0,1,1,2,2,2,0,AAA
Artist-25,Music-1,2,2,1,0,2,1,2,2,1,AAA
Artist-25,Music-2,2,1,2,2,2,0,1,0,1,AAA
Artist-25,Music-3,2,2,0,0,2,0,0,2,1,AAA
Artist-25,Music-4,1,2,1,1,0,1,0,0,0,AAA
Artist-25,Music-5,2,1,1,1,2,1,0,2,0,AAA
Artist-25,Music-6,0,0,0,0,1,0,0,1,1,AAA
Artist-25,Music-7,0,2,1,2,0,0,2,0,1,AAA
Artist-25,Music-8,2,2,2,0,1,0,1,1,0,AAA
Artist-25,Music-9,1,2,1,0,2,0,0,2,1,AAA
Artist-26,Music-0,0,2,1,0,1,0,0,0,1,AAA
Artist-26,Music-1,0,0,1,2,1,1,1,1,0,AAA
Artist-26,Music-2,1,2,2,0,0,2,0,1,1,AAA
Artist-26,Music-3,0,1,2,0,0,0,0,0,0,AAA
Artist-26,Music-4,1,1,1,1,1,0,0,1,1,AAA
Artist-26,Music-5,0,1,0,1,1,0,2,0,1,AAA
Artist-26,Music-6,2,2,1,1,1,0,2,1,1,AAA
Artist-26,Music-7,0,1,1,1,0,0,1,1,0,AAA
Artist-26,Music-8,1,0,1,0,2,0,1,2,1,AAA
Artist-26,Music-9,2,2,1,1,2,0,1,0,0,AAA
Artist-27,Music-0,0,2,2,1,1,0,0,0,0,AAA
Artist-27,Music-1,2,2,2,0,2,1,1,2,0,AAA
Artist-27,Music-2,1,2,2,2,1,0,2,1,0,AAA
Artist-27,Music-3,2,2,0,0,1,0,1,1,1,AAA
Artist-27,Music-4,2,0,0,0,0,1,2,0,1,AAA
Artist-27,Music-5,2,2,2,0,2,2,1,1,0,AAA
Artist-27,Music-6,0,0,0,1,2,2,1,0,1,AAA
Artist-27,Music-7,2,1,0,1,0,0,1,2,1,AAA
Artist-27,Music-8,2,1,0,1,2,1,2,0,1,AAA
Artist-27,Music-9,1,0,0,2,0,2,1,1,0,AAA
Artist-28,Music-0,1,2,1,0,2,0,2,0,0,AAA
Artist-28,Music-1,1,0,1,1,0,2,2,0,0,AAA
Artist-28,Music-2,0,2,0,2,1,2,1,0,1,AAA
Artist-28,Music-3,2,1,2,1,2,0,0,0,1,AAA
Artist-28,Music-4,1,0,2,2,2,0,0,2,1,AAA
Artist-28,Music-5,1,2,2,1,2,2,1,0,1,AAA
Artist-28,Music-6,0,2,0,2,1,1,2,0,1,AAA
Artist-28,Music-7,1,2,1,0,1,1,2,0,1,AAA
Artist-28,Music-8,2,1,1,1,0,1,1,0,0,AAA
Artist-28,Music-9,1,0,1,2,0,0,1,1,1,AAA
Artist-29,Music-0,0,0,2,0,0,2,1,2,0,AAA
Artist-29,Music-1,2,0,0,2,1,2,0,1,1,AAA
Artist-29,Music-2,2,2,0,2,1,0,1,0,0,AAA
Artist-29,Music-3,0,1,2,1,1,1,1,0,1,AAA
Artist-29,Music-4,2,2,0,1,0,2,0,0,0,AAA
Artist-29,Music-5,2,0,1,1,1,0,1,1,1,AAA
Artist-29,Music-6,2,0,0,1,1,2,1,2,0,AAA
Artist-29,Music-7,0,0,2,2,1,0,1,0,1,AAA
Artist-29,Music-8,2,0,1,0,2,1,2,2,0,AAA
Artist-29,Music-9,2,0,1,2,1,2,1,1,0,AAA
Artist-30,Music-0,2,2,1,2,2,2,1,0,0,AAA
Artist-30,Music-1,0,1,1,2,2,1,1,0,1,AAA
Artist-30,Music-2,2,2,1,1,2,1,2,2,0,AAA
Artist-30,Music-3,2,1,2,2,0,1,0,2,0,AAA
Artist-30,Music-4,2,1,1,0,0,2,0,2,1,AAA
Artist-30,Music-5,1,1,2,2,0,2,0,1,1,AAA
Artist-30,Music-6,0,0,1,0,2,1,2,1,1,AAA
Artist-30,Music-7,0,2,0,0,0,0,0,1,0,AAA
Artist-30,Music-8,1,0,2,1,0,2,0,2,0,AAA
Artist-30,Music-9,2,2,1,2,2,2,1,0,1,AAA
Artist-31,Music-0,0,1,2,1,0,2,2,0,1,AAA
Artist-31,Music-1,0,0,1,1,1,2,2,1,0,AAA
Artist-31,Music-2,1,0,1,1,2,1,0,2,1,AAA
Artist-31,Music-3,0,2,2,1,1,1,2,1,0,AAA
Artist-31,Music-4,1,0,1,1,1,2,0,1,0,AAA
Artist-31,Music-5,0,1,2,1,2,0,0,0,1,AAA
Artist-31,Music-6,0,0,1,2,2,2,0,0,1,AAA
Artist-31,Music-7,0,0,1,1,2,2,0,0,0,AAA
Artist-31,Music-8,1,0,0,0,1,2,2,2,0,AAA
Artist-31,Music-9,0,1,2,1,0,1,1,2,1,AAA
Artist-32,Music-0,1,0,0,1,2,1,1,2,0,AAA
Artist-32,Music-1,2,1,1,2,0,2,2,0,1,AAA
Artist-32,Music-2,0,0,2,1,0,2,1,0,0,AAA
Artist-32,Music-3,1,2,0,1,2,1,1,1,1,AAA
Artist-32,Music-4,0,2,2,0,2,1,0,1,1,AAA
Artist-32,Music-5,2,0,0,1,2,0,0,1,0,AAA
Artist-32,Music-6,1,2,1,1,2,1,2,0,1,AAA
Artist-32,Music-7,2,2,1,0,0,1,0,1,1,AAA
Artist-32,Music-8,1,2,1,2,0,1,1,0,1,AAA
Artist-32,Music-9,2,1,1,1,0,0,1,0,0,AAA
Artist-33,Music-0,1,2,1,2,2,0,1,2,0,AAA
Artist-33,Music-1,2,0,2,1,2,2,1,0,0,AAA
Artist-33,Music-2,2,0,1,2,0,1,2,0,0,AAA
Artist-33,Music-3,0,0,0,2,1,1,1,0,1,AAA
Artist-33,Music-4,1,2,1,2,2,1,1,0,1,AAA
Artist-33,Music-5,0,0,0,0,0,0,0,2,0,AAA
Artist-33,Music-6,1,0,0,1,1,2,1,2,1,AAA
Artist-33,Music-7,2,1,0,2,0,2,0,2,0,AAA
Artist-33,Music-8,1,0,2,2,0,0,1,1,0,AAA
Artist-33,Music-9,1,2,1,1,1,1,1,1,1,AAA
Artist-34,Music-0,2,0,1,1,1,1,2,0,0,AAA
Artist-34,Music-1,1,0,2,2,1,0,2,2,1,AAA
Artist-34,Music-2,2,1,1,2,0,1,1,0,0,AAA
Artist-34,Music-3,0,2,0,0,0,0,0,1,0,AAA
Artist-34,Music-4,2,2,2,2,0,0,1,1,0,AAA
Artist-34,Music-5,0,2,0,1,2,2,2,0,0,AAA
Artist-34,Music-6,2,0,0,2,1,2,2,0,0,AAA
Artist-34,Music-7,2,2,0,2,2,2,0,0,1,AAA
Artist-34,Music-8,0,2,0,0,1,1,0,2,0,AAA
Artist-34,Music-9,0,2,2,1,0,0,2,2,0,AAA
Artist-35,Music-0,0,0,2,1,1,1,1,0,1,AAA
Artist-35,Music-1,0,2,0,0,2,2,2,2,0,AAA
Artist-35,Music-2,2,2,1,1,1,1,2,2,0,AAA
Artist-35,Music-3,0,1,1,1,0,2,0,1,0,AAA
Artist-35,Music-4,2,2,2,0,0,1,1,2,1,AAA
Artist-35,Music-5,0,0,1,2,0,2,0,1,0,AAA
Artist-35,Music-6,2,2,0,0,0,0,1,2,0,AAA
Artist-35,Music-7,0,2,0,1,0,0,2,2,1,AAA
Artist-35,Music-8,2,0,1,1,1,1,1,1,1,AAA
Artist-35,Music-9,2,1,1,1,1,0,1,0,0,AAA
Artist-36,Music-0,0,1,1,1,1,2,0,0,0,AAA
Artist-36,Music-1,0,2,1,1,1,2,0,0,0,AAA
Artist-36,Music-2,2,2,2,2,1,2,0,2,1,AAA
Artist-36,Music-3,0,1,2,2,0,1,1,0,0,AAA
Artist-36,Music-4,0,2,1,2,2,1,1,0,1,AAA
Artist-36,Music-5,2,2,0,2,2,2,0,0,0,AAA
Artist-36,Music-6,1,2,2,0,1,2,2,2,1,AAA
Artist-36,Music-7,1,0,2,1,0,2,2,1,1,AAA
Artist-36,Music-8,2,2,2,2,0,2,2,0,0,AAA
Artist-36,Music-9,2,0,0,2,2,2,2,0,1,AAA
Artist-37,Music-0,1,2,1,1,0,2,0,0,0,AAA
Artist-37,Music-1,0,1,0,1,2,0,2,2,1,AAA
Artist-37,Music-2,0,0,2,2,1,1,2,1,0,AAA
Artist-37,Music-3,0,0,1,2,2,1,1,1,1,AAA
Artist-37,Music-4,0,2,0,2,0,0,0,1,0,AAA
Artist-37,Music-5,0,2,2,2,1,1,1,0,0,AAA
Artist-37,Music-6,2,1,1,0,1,2,2,2,0,AAA
Artist-37,Music-7,2,1,2,2,0,2,0,2,0,AAA
Artist-37,Music-8,1,0,2,2,0,0,1,0,0,AAA
Artist-37,Music-9,0,0,2,2,1,0,2,1,1,AAA
Artist-38,Music-0,1,1,2,2,2,1,0,1,1,AAA
Artist-38,Music-1,0,2,2,1,1,0,1,0,1,AAA
Artist-38,Music-2,1,1,1,2,1,0,1,1,0,AAA
Artist-38,Music-3,2,2,2,1,1,1,2,0,0,AAA
Artist-38,Music-4,1,1,1,0,0,0,2,2,1,AAA
Artist-38,Music-5,1,2,1,1,0,0,2,2,1,AAA
Artist-38,Music-6,0,1,0,0,2,0,1,2,0,AAA
Artist-38,Music-7,2,2,0,0,1,2,2,1,0,AAA
Artist-38,Music-8,0,2,2,1,1,1,0,0,1,AAA
Artist-38,Music-9,2,0,0,1,1,0,2,1,0,AAA
Artist-39,Music-0,2,0,0,0,0,1,0,2,1,AAA
Artist-39,Music-1,2,0,0,2,2,2,0,1,0,AAA
Artist-39,Music-2,1,2,1,2,0,1,2,1,0,AAA
Artist-39,Music-3,1,2,0,0,0,1,1,1,1,AAA
Artist-39,Music-4,0,1,0,2,2,2,1,0,1,AAA
Artist-39,Music-5,1,0,0,1,0,0,2,2,0,AAA
Artist-39,Music-6,0,2,1,0,2,2,2,1,0,AAA
Artist-39,Music-7,0,1,1,1,1,1,1,0,0,AAA
Artist-39,Music-8,0,0,0,1,0,1,1,2,0,AAA
Artist-39,Music-9,2,2,2,1,2,2,2,2,1,AAA
Artist-40,Music-0,1,2,0,1,2,1,1,2,0,AAA
Artist-40,Music-1,2,1,0,2,1,1,2,2,1,AAA
Artist-40,Music-2,2,2,2,1,0,2,2,2,0,AAA
Artist-40,Music-3,2,2,2,0,1,2,1,0,0,AAA
Artist-40,Music-4,1,2,2,0,0,2,2,2,0,AAA
Artist-40,Music-5,0,1,1,1,2,2,2,2,0,AAA
Artist-40,Music-6,2,1,1,0,0,1,2,2,1,AAA
Artist-40,Music-7,0,2,2,0,2,2,0,1,1,AAA
Artist-40,Music-8,0,2,2,0,1,0,1,2,1,AAA
Artist-40,Music-9,2,1,0,0,2,0,1,2,0,AAA
Artist-41,Music-0,2,1,0,2,2,1,0,2,1,AAA
Artist-41,Music-1,2,2,1,1,0,1,2,2,0,AAA
Artist-41,Music-2,1,0,1,1,2,2,0,0,0,AAA
Artist-41,Music-3,1,0,2,2,1,1,1,0,0,AAA
Artist-41,Music-4,0,0,1,2,1,1,0,0,0,AAA
Artist-41,Music-5,2,0,2,2,2,2,1,0,0,AAA
Artist-41,Music-6,0,2,1,0,0,1,1,1,0,AAA
Artist-41,Music-7,0,0,1,1,2,1,0,0,1,AAA
Artist-41,Music-8,2,0,1,0,0,2,1,0,0,AAA
Artist-41,Music-9,1,1,0,0,0,0,1,2,0,AAA
Artist-42,Music-0,0,1,0,2,1,1,1,0,0,AAA
Artist-42,Music-1,2,0,0,2,0,0,2,2,1,AAA
Artist-42,Music-2,1,2,2,2,1,0,2,2,0,AAA
Artist-42,Music-3,0,2,0,0,0,1,0,2,0,AAA
Artist-42,Music-4,2,1,1,1,2,1,2,1,1,AAA
Artist-42,Music-5,2,0,1,2,2,1,2,2,1,AAA
Artist-42,Music-6,2,1,0,0,0,1,0,2,0,AAA
Artist-42,Music-7,1,1,1,0,0,2,2,2,0,AAA
Artist-42,Music-8,2,1,0,1,1,2,0,2,0,AAA
Artist-42,Music-9,0,1,1,1,0,2,2,1,1,AAA
Artist-43,Music-0,2,0,1,0,1,1,1,1,0,AAA
Artist-43,Music-1,2,0,0,1,1,2,0,1,1,AAA
Artist-43,Music-2,1,1,1,0,2,1,2,2,1,AAA
Artist-43,Music-3,1,2,0,0,2,1,1,2,0,AAA
Artist-43,Music-4,2,2,1,0,0,1,1,0,1,AAA
Artist-43,Music-5,2,0,1,2,2,0,0,0,1,AAA
Artist-43,Music-6,1,1,2,0,2,1,1,2,1,AAA
Artist-43,Music-7,0,2,2,0,1,1,1,0,1,AAA
Artist-43,Music-8,0,1,1,0,0,1,0,1,1,AAA
Artist-43,Music-9,0,0,2,1,0,2,1,1,1,AAA
Artist-44,Music-0,1,0,1,0,0,2,1,1,1,AAA
Artist-44,Music-1,0,0,2,2,0,2,0,1,0,AAA
Artist-44,Music-2,0,1,1,1,0,0,2,1,1,AAA
Artist-44,Music-3,0,1,1,0,1,1,0,2,1,AAA
Artist-44,Music-4,2,2,2,0,0,1,0,1,1,AAA
Artist-44,Music-5,0,1,0,0,1,1,1,0,0,AAA
Artist-44,Music-6,1,2,2,0,2,1,2,2,1,AAA
Artist-44,Music-7,0,0,1,1,1,0,2,0,0,AAA
Artist-44,Music-8,1,1,1,0,1,2,0,0,1,AAA
Artist-44,Music-9,1,2,2,2,0,0,1,1,1,AAA
Artist-45,Music-0,2,1,0,0,2,0,2,1,0,AAA
Artist-45,Music-1,2,1,2,2,1,2,1,1,1,AAA
Artist-45,Music-2,1,1,0,1,2,2,1,2,0,AAA
Artist-45,Music-3,2,0,2,0,2,2,2,1,0,AAA
Artist-45,Music-4,2,2,2,1,2,1,1,1,1,AAA
Artist-45,Music-5,1,2,2,2,1,2,2,2,0,AAA
Artist-45,Music-6,1,1,0,1,0,1,1,0,1,AAA
Artist-45,Music-7,1,2,2,0,0,0,2,0,1,AAA
Artist-45,Music-8,1,1,1,1,0,0,0,0,0,AAA
Artist-45,Music-9,2,0,1,2,0,0,1,0,0,AAA
Artist-46,Music-0,2,1,0,2,1,1,0,1,0,AAA
Artist-46,Music-1,0,0,2,0,0,0,1,2,0,AAA
Artist-46,Music-2,1,1,1,1,2,1,1,0,1,AAA
Artist-46,Music-3,0,2,1,1,0,2,0,0,1,AAA
Artist-46,Music-4,0,2,2,1,1,0,1,2,1,AAA
Artist-46,Music-5,2,0,1,2,2,0,0,2,0,AAA
Artist-46,Music-6,1,2,2,0,0,1,0,2,1,AAA
Artist-46,Music-7,2,0,0,0,2,1,0,0,0,AAA
Artist-46,Music-8,1,1,2,0,1,2,0,1,1,AAA
Artist-46,Music-9,1,1,1,0,0,0,1,1,0,AAA
Artist-47,Music-0,1,0,1,1,2,1,2,1,1,AAA
Artist-47,Music-1,0,2,1,0,0,2,1,2,0,AAA
Artist-47,Music-2,0,2,2,0,2,1,1,0,1,AAA
Artist-47,Music-3,2,0,1,0,0,1,0,0,0,AAA
Artist-47,Music-4,0,0,1,2,2,2,0,1,1,AAA
Artist-47,Music-5,2,0,0,0,1,1,2,1,1,AAA
Artist-47,Music-6,0,2,1,0,0,1,2,0,0,AAA
Artist-47,Music-7,1,1,2,1,2,2,0,2,1,AAA
Artist-47,Music-8,2,0,2,1,0,2,0,0,1,AAA
Artist-47,Music-9,2,2,0,0,1,2,2,2,0,AAA
Artist-48,Music-0,1,1,0,1,0,1,0,1,1,AAA
Artist-48,Music-1,2,1,2,1,2,1,2,1,1,AAA
Artist-48,Music-2,1,0,0,2,0,1,1,1,0,AAA
Artist-48,Music-3,2,0,2,0,1,1,2,2,1,AAA
Artist-48,Music-4,2,1,2,2,0,1,1,2,1,AAA
Artist-48,Music-5,2,0,1,2,1,0,0,1,1,AAA
Artist-48,Music-6,1,2,0,2,2,1,2,0,1,AAA
Artist-48,Music-7,1,2,0,0,0,1,2,1,0,AAA
Artist-48,Music-8,1,0,2,0,2,0,1,1,0,AAA
Artist-48,Music-9,0,2,1,2,2,1,1,0,0,AAA
Artist-49,Music-0,0,1,1,1,1,2,0,0,0,AAA
Artist-49,Music-1,2,2,1,0,0,1,1,0,1,AAA
Artist-49,Music-2,2,2,2,1,0,0,0,2,1,AAA
Artist-49,Music-3,1,1,1,2,1,2,0,2,0,AAA
Artist-49,Music-4,0,1,1,1,2,0,1,0,1,AAA
Artist-49,Music-5,0,0,2,2,0,1,0,0,0,AAA
Artist-49,Music-6,2,0,1,0,0,1,1,2,0,AAA
Artist-49,Music-7,0,1,2,0,2,2,1,1,1,AAA
Artist-49,Music-8,2,1,1,2,2,0,0,0,0,AAA
Artist-49,Music-9,2,0,1,0,0,0,0,1,0,AAA
Artist-50,Music-0,1,1,1,0,1,2,1,2,0,AAA
Artist-50,Music-1,2,2,0,1,1,1,2,0,0,AAA
Artist-50,Music-2,2,0,1,1,2,1,0,2,1,AAA
Artist-50,Music-3,2,1,2,0,0,0,0,1,1,AAA
Artist-50,Music-4,1,0,2,1,1,2,1,2,1,AAA
Artist-50,Music-5,1,1,1,2,2,2,0,0,0,AAA
Artist-50,Music-6,0,2,2,0,2,2,0,2,0,AAA
Artist-50,Music-7,2,0,0,0,1,1,1,1,1,AAA
Artist-50,Music-8,2,2,0,2,1,1,2,1,0,AAA
Artist-50,Music-9,1,2,0,2,0,2,0,1,0,AAA
Artist-51,Music-0,0,0,2,2,0,2,2,0,1,AAA
Artist-51,Music-1,0,0,2,2,0,0,0,2,0,AAA
Artist-51,Music-2,0,2,2,1,0,1,0,2,0,AAA
Artist-51,Music-3,0,1,0,1,1,1,2,2,0,AAA
Artist-51,Music-4,1,0,0,2,2,0,2,0,1,AAA
Artist-51,Music-5,2,1,2,1,0,1,1,1,1,AAA
Artist-51,Music-6,0,2,0,1,2,1,1,0,0,AAA
Artist-51,Music-7,2,2,0,1,1,2,0,2,1,AAA
Artist-51,Music-8,1,2,1,2,1,2,0,0,0,AAA
Artist-51,Music-9,0,1,2,2,0,2,0,2,0,AAA
Artist-52,Music-0,1,2,0,1,2,2,2,2,0,AAA
Artist-52,Music-1,1,1,2,2,2,0,1,2,0,AAA
Artist-52,Music-2,2,0,2,2,2,1,1,0,1,AAA
Artist-52,Music-3,1,1,0,1,1,2,0,2,1,AAA
Artist-52,Music-4,0,1,2,2,2,1,1,2,0,AAA
Artist-52,Music-5,0,1,2,0,0,0,0,2,1,AAA
Artist-52,Music-6,2,1,0,1,0,1,2,2,1,AAA
Artist-52,Music-7,1,0,2,2,2,0,2,2,0,AAA
Artist-52,Music-8,2,1,2,2,0,1,2,1,0,AAA
Artist-52,Music-9,1,1,1,2,1,0,2,1,0,AAA
Artist-53,Music-0,2,0,1,2,0,1,0,1,1,AAA
Artist-53,Music-1,0,0,1,2,2,2,1,2,0,AAA
Artist-53,Music-2,1,1,0,1,2,2,1,2,1,AAA
Artist-53,Music-3,2,1,1,2,2,1,1,2,1,AAA
Artist-53,Music-4,0,1,1,1,0,0,1,2,0,AAA
Artist-53,Music-5,0,0,2,1,0,2,1,1,1,AAA
Artist-53,Music-6,0,2,2,1,0,1,0,1,0,AAA
Artist-53,Music-7,0,0,0,1,0,0,1,1,0,AAA
Artist-53,Music-8,1,2,0,1,1,0,1,0,1,AAA
Artist-53,Music-9,2,0,1,1,1,0,0,2,1,AAA
Artist-54,Music-0,0,1,1,1,0,1,1,2,0,AAA
Artist-54,Music-1,1,0,0,2,2,2,2,0,0,AAA
Artist-54,Music-2,0,2,0,1,0,1,2,2,1,AAA
Artist-54,Music-3,1,2,0,0,2,2,1,0,0,AAA
Artist-54,Music-4,2,2,0,0,0,2,0,1,0,AAA
Artist-54,Music-5,1,2,2,0,2,0,1,2,1,AAA
Artist-54,Music-6,1,0,0,0,2,0,2,2,0,AAA
Artist-54,Music-7,2,1,0,1,2,1,2,2,0,AAA
Artist-54,Music-8,2,1,1,0,1,0,2,0,0,AAA
Artist-54,Music-9,0,1,1,1,2,2,1,1,0,AAA
Artist-55,Music-0,0,1,0,1,2,0,1,1,0,AAA
Artist-55,Music-1,1,1,2,0,0,0,2,2,0,AAA
Artist-55,Music-2,2,1,1,1,0,2,1,0,1,AAA
Artist-55,Music-3,0,2,0,2,2,1,0,1,1,AAA
Artist-55,Music-4,2,1,0,2,0,0,0,1,0,AAA
Artist-55,Music-5,2,0,2,1,2,1,0,2,0,AAA
Artist-55,Music-6,1,2,1,0,1,1,2,0,0,AAA
Artist-55,Music-7,1,0,2,0,1,1,1,1,0,AAA
Artist-55,Music-8,0,1,1,0,1,0,0,1,1,AAA
Artist-55,Music-9,2,1,1,0,2,0,0,1,1,AAA
Artist-56,Music-0,1,1,0,0,1,0,0,0,1,AAA
Artist-56,Music-1,0,0,1,2,2,0,2,1,0,AAA
Artist-56,Music-2,1,0,1,0,2,0,1,1,1,AAA
Artist-56,Music-3,1,2,0,0,2,1,2,2,0,AAA
Artist-56,Music-4,1,0,0,2,0,1,0,2,0,AAA
Artist-56,Music-5,0,2,0,1,0,2,1,0,0,AAA
Artist-56,Music-6,1,1,0,2,1,1,2,1,0,AAA
Artist-56,Music-7,2,2,1,1,1,0,0,1,0,AAA
Artist-56,Music-8,1,2,0,1,2,1,1,1,1,AAA
Artist-56,Music-9,2,1,0,1,0,1,1,1,0,AAA
Artist-57,Music-0,2,1,1,0,1,0,1,2,0,AAA
Artist-57,Music-1,0,2,0,1,1,1,0,1,0,AAA
Artist-57,Music-2,0,1,2,1,1,1,1,0,1,AAA
Artist-57,Music-3,2,2,1,0,2,2,2,0,1,AAA
Artist-57,Music-4,1,2,1,0,2,1,0,1,0,AAA
Artist-57,Music-5,0,2,2,2,0,2,0,0,0,AAA
Artist-57,Music-6,0,2,2,0,2,0,0,2,1,AAA
Artist-57,Music-7,0,0,1,0,1,0,1,0,1,AAA
Artist-57,Music-8,2,2,0,0,1,2,1,1,1,AAA
Artist-57,Music-9,1,1,2,0,2,0,2,1,0,AAA
Artist-58,Music-0,2,2,2,2,1,1,1,2,1,AAA
Artist-58,Music-1,2,0,2,1,0,2,1,2,0,AAA
Artist-58,Music-2,2,2,0,1,0,2,2,0,0,AAA
Artist-58,Music-3,1,0,2,0,2,0,1,1,0,AAA
Artist-58,Music-4,2,2,0,1,1,2,0,1,1,AAA
Artist-58,Music-5,1,0,1,0,1,1,2,1,0,AAA
Artist-58,Music-6,0,1,2,2,2,2,0,2,0,AAA
Artist-58,Music-7,2,0,0,2,2,2,2,1,1,AAA
Artist-58,Music-8,2,0,2,1,2,0,2,0,1,AAA
Artist-58,Music-9,0,1,1,1,1,2,0,0,0,AAA
Artist-59,Music-0,1,1,1,0,2,1,0,2,1,AAA
Artist-59,Music-1,0,1,2,0,1,1,2,0,0,AAA
Artist-59,Music-2,0,2,0,0,1,0,1,0,1,AAA
Artist-59,Music-3,0,0,2,2,0,0,0,1,0,AAA
Artist-59,Music-4,2,2,0,2,0,2,0,0,1,AAA
Artist-59,Music-5,1,1,1,1,1,0,2,1,1,AAA
Artist-59,Music-6,1,1,1,1,0,2,2,1,0,AAA
Artist-59,Music-7,1,0,0,2,0,1,2,0,1,AAA
Artist-59,Music-8,2,1,2,1,1,0,0,1,1,AAA
Artist-59,Music-9,0,0,1,0,2,2,2,2,0,AAA
Artist-60,Music-0,1,1,0,1,1,0,1,2,0,AAA
Artist-60,Music-1,0,2,1,1,2,0,1,0,1,AAA
Artist-60,Music-2,2,0,1,0,1,2,1,2,0,AAA
Artist-60,Music-3,2,2,0,1,1,1,1,2,1,AAA
Artist-60,Music-4,0,2,2,0,0,1,1,2,0,AAA
Artist-60,Music-5,1,2,1,2,0,0,1,2,0,AAA
Artist-60,Music-6,2,2,0,0,2,2,0,2,1,AAA
Artist-60,Music-7,1,2,0,2,0,1,2,1,1,AAA
Artist-60,Music-8,2,2,1,1,0,1,1,0,0,AAA
Artist-60,Music-9,0,2,1,0,1,0,2,0,0,AAA
Artist-61,Music-0,0,1,0,0,1,0,1,0,1,AAA
Artist-61,Music-1,2,2,2,2,1,1,2,2,0,AAA
Artist-61,Music-2,0,1,2,1,0,1,1,2,1,AAA
Artist-61,Music-3,2,2,2,2,1,2,2,1,1,AAA
Artist-61,Music-4,2,0,1,1,0,1,2,2,0,AAA
Artist-61,Music-5,2,0,0,0,2,2,2,1,1,AAA
Artist-61,Music-6,1,0,0,1,1,1,0,2,0,AAA
Artist-61,Music-7,2,2,1,2,2,2,2,2,0,AAA
Artist-61,Music-8,2,0,0,2,1,1,2,2,1,AAA
Artist-61,Music-9,2,2,0,0,2,2,2,1,1,AAA
Artist-62,Music-0,0,0,1,0,0,0,0,0,0,AAA
Artist-62,Music-1,0,2,1,1,0,1,1,1,0,AAA
Artist-62,Music-2,1,0,0,2,1,0,0,0,0,AAA
Artist-62,Music-3,1,1,1,0,0,0,0,0,0,AAA
Artist-62,Music-4,1,2,1,0,0,1,0,1,1,AAA
Artist-62,Music-5,1,1,0,2,0,0,1,2,1,AAA
Artist-62,Music-6,1,2,2,0,0,1,2,1,0,AAA
Artist-62,Music-7,1,2,2,1,2,0,0,1,0,AAA
Artist-62,Music-8,0,1,1,0,2,1,2,1,1,AAA
Artist-62,Music-9,0,1,2,0,0,0,1,1,0,AAA
Artist-63,Music-0,1,1,1,1,1,0,2,0,0,AAA
Artist-63,Music-1,0,1,2,2,1,2,2,1,0,AAA
Artist-63,Music-2,0,0,0,0,2,2,2,2,0,AAA
Artist-63,Music-3,1,1,1,1,0,1,2,0,0,AAA
Artist-63,Music-4,1,0,2,1,1,1,2,0,1,AAA
Artist-63,Music-5,2,0,1,1,2,1,1,0,1,AAA
Artist-63,Music-6,2,1,0,2,0,0,1,2,0,AAA
Artist-63,Music-7,1,2,2,0,2,1,1,1,0,AAA
Artist-63,Music-8,0,2,1,1,0,1,0,2,1,AAA
Artist-63,Music-9,1,2,1,0,2,0,0,1,1,AAA
Artist-64,Music-0,0,1,0,1,0,0,2,0,0,AAA
Artist-64,Music-1,0,2,1,2,2,0,2,0,0,AAA
Artist-64,Music-2,2,0,0,0,1,1,1,1,1,AAA
Artist-64,Music-3,1,2,2,1,0,1,1,0,1,AAA
Artist-64,Music-4,2,2,0,0,0,2,2,1,0,AAA
Artist-64,Music-5,0,1,1,2,2,1,0,0,1,AAA
Artist-64,Music-6,2,0,1,2,1,2,1,2,1,AAA
Artist-64,Music-7,2,2,2,0,1,1,0,1,0,AAA
Artist-64,Music-8,2,2,0,0,2,0,0,2,1,AAA
Artist-64,Music-9,2,2,0,2,2,0,2,1,0,AAA
Artist-65,Music-0,1,1,0,2,0,1,0,1,0,AAA
Artist-65,Music-1,1,0,2,2,0,0,1,0,0,AAA
Artist-65,Music-2,2,2,1,1,2,0,2,1,1,AAA
Artist-65,Music-3,1,2,1,1,2,0,0,0,0,AAA
Artist-65,Music-4,1,2,0,0,0,2,1,0,1,AAA
Artist-65,Music-5,2,1,0,1,1,2,2,0,0,AAA
Artist-65,Music-6,0,2,0,2,1,2,2,1,1,AAA
Artist-65,Music-7,1,0,2,1,0,2,0,2,1,AAA
Artist-65,Music-8,0,1,0,1,1,2,0,0,0,AAA
Artist-65,Music-9,0,1,2,0,2,1,2,1,0,AAA
Artist-66,Music-0,0,2,2,2,2,0,0,1,0,AAA
Artist-66,Music-1,1,2,2,0,2,0,0,1,0,AAA
Artist-66,Music-2,1,1,1,1,1,1,1,1,1,AAA
Artist-66,Music-3,0,1,2,1,1,0,1,1,1,AAA
Artist-66,Music-4,2,0,2,1,0,1,0,2,1,AAA
Artist-66,Music-5,0,2,0,0,1,0,0,0,0,AAA
Artist-66,Music-6,2,1,1,2,2,1,0,2,1,AAA
Artist-66,Music-7,1,1,1,2,2,2,1,0,0,AAA
Artist-66,Music-8,1,1,0,1,0,0,0,2,0,AAA
Artist-66,Music-9,1,0,0,0,0,2,2,0,1,AAA
Artist-67,Music-0,2,2,0,0,1,0,1,0,0,AAA
Artist-67,Music-1,1,2,2,1,1,1,2,2,1,AAA
Artist-67,Music-2,2,0,2,0,1,0,0,0,0,AAA
Artist-67,Music-3,1,0,2,1,0,1,1,1,0,AAA
Artist-67,Music-4,2,0,1,2,0,0,0,1,1,AAA
Artist-67,Music-5,1,0,2,2,0,0,2,0,0,AAA
Artist-67,Music-6,2,1,2,2,1,0,0,2,0,AAA
Artist-67,Music-7,1,0,0,1,0,2,2,0,1,AAA
Artist-67,Music-8,1,1,2,2,2,1,1,2,0,AAA
Artist-67,Music-9,2,2,2,0,1,0,0,1,1,AAA
Artist-68,Music-0,1,1,2,2,1,1,1,2,0,AAA
Artist-68,Music-1,1,1,2,0,2,2,2,2,1,AAA
Artist-68,Music-2,0,1,1,2,1,1,0,1,0,AAA
Artist-68,Music-3,0,0,2,1,1,2,0,0,1,AAA
Artist-68,Music-4,2,2,0,1,2,0,2,2,1,AAA
Artist-68,Music-5,0,1,0,2,1,0,1,0,1,AAA
Artist-68,Music-6,0,1,2,0,1,0,2,0,1,AAA
Artist-68,Music-7,2,1,0,1,1,1,2,0,1,AAA
Artist-68,Music-8,2,0,0,1,1,2,0,1,1,AAA
Artist-68,Music-9,1,0,0,0,2,0,2,1,1,AAA
Artist-69,Music-0,2,1,2,2,2,0,2,1,0,AAA
Artist-69,Music-1,2,2,0,0,2,1,2,1,0,AAA
Artist-69,Music-2,1,2,1,0,0,1,1,0,1,AAA
Artist-69,Music-3,1,1,0,1,2,0,0,2,1,AAA
Artist-69,Music-4,0,1,2,0,2,1,2,0,0,AAA
Artist-69,Music-5,2,0,1,1,0,2,1,0,1,AAA
Artist-69,Music-6,0,0,1,1,2,2,0,2,1,AAA
Artist-69,Music-7,0,2,0,2,0,1,2,0,0,AAA
Artist-69,Music-8,0,2,1,2,2,1,2,2,1,AAA
Artist-69,Music-9,2,1,2,1,1,1,1,2,0,AAA
Artist-70,Music-0,2,2,1,2,2,0,1,0,1,AAA
Artist-70,Music-1,2,0,2,0,0,1,1,0,0,AAA
Artist-70,Music-2,0,1,0,0,0,0,0,2,0,AAA
Artist-70,Music-3,2,2,1,2,0,1,2,0,1,AAA
Artist-70,Music-4,2,0,2,0,2,1,1,0,0,AAA
Artist-70,Music-5,1,2,0,1,1,1,2,2,0,AAA
Artist-70,Music-6,0,1,1,1,1,1,2,0,0,AAA
Artist-70,Music-7,2,2,2,2,0,0,2,0,1,AAA
Artist-70,Music-8,1,2,1,0,1,1,2,1,0,AAA
Artist-70,Music-9,1,1,0,2,2,0,1,0,1,AAA
Artist-71,Music-0,1,0,2,1,1,1,0,2,1,AAA
Artist-71,Music-1,2,0,2,2,1,2,2,1,0,AAA
Artist-71,Music-2,2,1,1,0,1,1,1,2,1,AAA
Artist-71,Music-3,1,2,0,0,1,1,2,1,0,AAA
Artist-71,Music-4,2,1,2,1,2,2,2,2,0,AAA
Artist-71,Music-5,0,2,0,2,2,2,0,2,1,AAA
Artist-71,Music-6,0,2,2,2,2,0,1,2,1,AAA
Artist-71,Music-7,0,1,1,2,0,1,0,1,0,AAA
Artist-71,Music-8,2,0,0,1,0,0,1,0,0,AAA
Artist-71,Music-9,2,0,0,0,0,2,0,0,0,AAA
Artist-72,Music-0,1,2,0,1,2,1,2,2,1,AAA
Artist-72,Music-1,0,2,1,1,2,2,1,0,1,AAA
Artist-72,Music-2,1,0,2,1,1,0,2,2,0,AAA
Artist-72,Music-3,2,1,2,2,1,1,1,0,0,AAA
Artist-72,Music-4,1,1,2,0,2,2,0,2,0,AAA
Artist-72,Music-5,1,2,1,1,0,2,1,1,0,AAA
Artist-72,Music-6,1,0,0,0,2,0,0,0,1,AAA
Artist-72,Music-7,2,2,2,0,2,1,1,1,0,AAA
Artist-72,Music-8,0,0,2,2,1,2,0,1,0,AAA
Artist-72,Music-9,2,2,0,0,2,0,0,2,0,AAA
Artist-73,Music-0,1,1,1,2,0,0,0,1,0,AAA
Artist-73,Music-1,0,2,2,2,2,1,1,2,1,AAA
Artist-73,Music-2,0,0,2,0,1,2,1,0,0,AAA
Artist-73,Music-3,2,0,2,1,0,2,0,1,0,AAA
Artist-73,Music-4,0,0,2,0,1,2,0,0,1,AAA
Artist-73,Music-5,0,0,0,1,2,1,1,2,0,AAA
Artist-73,Music-6,1,0,2,1,1,0,2,1,0,AAA
Artist-73,Music-7,1,2,2,2,0,0,2,1,1,AAA
Artist-73,Music-8,2,0,1,2,0,0,1,2,0,AAA
Artist-73,Music-9,0,2,0,0,1,0,0,2,0,AAA
Artist-74,Music-0,0,2,2,1,2,2,0,2,0,AAA
Artist-74,Music-1,0,0,1,2,1,1,2,2,0,AAA
Artist-74,Music-2,0,2,0,0,0,1,1,1,1,AAA
Artist-74,Music-3,0,0,2,1,2,0,1,1,1,AAA
Artist-74,Music-4,1,2,0,1,2,2,0,0,0,AAA
Artist-74,Music-5,1,2,1,1,1,1,1,2,1,AAA
Artist-74,Music-6,0,2,1,2,2,0,1,1,0,AAA
Artist-74,Music-7,1,1,1,1,2,0,2,0,0,AAA
Artist-74,Music-8,2,2,0,2,1,0,2,1,0,AAA
Artist-74,Music-9,0,0,0,2,0,2,2,1,0,AAA
Artist-75,Music-0,0,1,2,2,1,2,0,2,1,AAA
Artist-75,Music-1,0,0,1,1,1,0,1,0,0,AAA
Artist-75,Music-2,0,0,1,0,1,2,0,0,1,AAA
Artist-75,Music-3,2,2,0,2,0,2,0,2,0,AAA
Artist-75,Music-4,0,1,0,1,2,2,1,0,1,AAA
Artist-75,Music-5,0,1,1,1,0,1,0,2,0,AAA
Artist-75,Music-6,1,2,2,1,0,2,2,2,1,AAA
Artist-75,Music-7,2,1,1,0,2,0,1,0,0,AAA
Artist-75,Music-8,2,0,2,0,2,0,0,2,0,AAA
Artist-75,Music-9,1,2,1,2,1,2,2,0,0,AAA
Artist-76,Music-0,1,2,1,1,1,2,2,2,0,AAA
Artist-76,Music-1,2,2,1,2,2,2,0,0,1,AAA
Artist-76,Music-2,1,2,1,0,2,2,1,2,0,AAA
Artist-76,Music-3,0,0,0,1,0,1,1,2,1,AAA
Artist-76,Music-4,2,0,0,1,2,2,0,0,1,AAA
Artist-76,Music-5,1,2,0,2,2,2,2,1,1,AAA
Artist-76,Music-6,2,2,0,0,0,1,0,1,1,AAA
Artist-76,Music-7,2,1,1,0,2,1,1,0,0,AAA
Artist-76,Music-8,2,0,1,0,1,2,1,1,0,AAA
Artist-76,Music-9,1,0,1,0,1,1,0,1,0,AAA
Artist-77,Music-0,2,0,2,0,0,2,1,1,0,AAA
Artist-77,Music-1,2,2,0,2,1,1,0,0,0,AAA
Artist-77,Music-2,1,2,2,0,2,0,2,2,1,AAA
Artist-77,Music-3,0,1,1,0,1,0,0,1,0,AAA
Artist-77,Music-4,2,1,1,0,0,0,1,2,1,AAA
Artist-77,Music-5,0,2,1,0,0,1,1,2,0,AAA
Artist-77,Music-6,2,0,2,1,1,2,1,0,0,AAA
Artist-77,Music-7,2,0,2,0,0,0,1,1,0,AAA
Artist-77,Music-8,1,0,2,2,1,2,2,0,1,AAA
Artist-77,Music-9,2,2,2,2,2,2,0,1,0,AAA
Artist-78,Music-0,2,0,2,0,2,0,1,2,0,AAA
Artist-78,Music-1,1,2,0,2,1,1,1,0,1,AAA
Artist-78,Music-2,2,0,2,0,0,0,2,2,1,AAA
Artist-78,Music-3,1,0,1,0,1,1,2,2,0,AAA
Artist-78,Music-4,0,2,0,1,0,1,0,2,0,AAA
Artist-78,Music-5,0,2,0,1,0,0,2,0,1,AAA
Artist-78,Music-6,1,1,2,0,1,2,2,1,1,AAA
Artist-78,Music-7,1,0,1,0,1,1,0,0,0,AAA
Artist-78,Music-8,2,0,2,2,1,0,0,0,0,AAA
Artist-78,Music-9,0,1,2,1,2,2,0,0,1,AAA
Artist-79,Music-0,1,1,1,0,1,1,1,0,0,AAA
Artist-79,Music-1,2,1,1,0,1,2,0,2,1,AAA
Artist-79,Music-2,0,2,0,0,1,0,1,1,0,AAA
Artist-79,Music-3,0,0,2,0,2,1,2,1,1,AAA
Artist-79,Music-4,0,1,1,2,1,1,1,0,1,AAA
Artist-79,Music-5,0,0,0,2,1,1,1,1,1,AAA
Artist-79,Music-6,2,0,2,1,0,1,1,0,1,AAA
Artist-79,Music-7,0,1,2,2,0,2,0,1,0,AAA
Artist-79,Music-8,1,1,1,0,0,1,2,2,1,AAA
Artist-79,Music-9,0,0,0,0,1,0,1,0,1,AAA
Artist-80,Music-0,2,1,0,0,1,0,1,2,1,AAA
Artist-80,Music-1,1,2,0,0,2,0,0,0,1,AAA
Artist-80,Music-2,2,0,1,2,1,1,0,2,1,AAA
Artist-80,Music-3,1,1,2,0,2,1,1,2,1,AAA
Artist-80,Music-4,0,2,1,1,0,0,2,2,1,AAA
Artist-80,Music-5,2,1,0,0,0,2,0,1,1,AAA
Artist-80,Music-6,1,0,0,0,2,0,1,1,1,AAA
Artist-80,Music-7,0,1,1,1,0,0,2,2,0,AAA
Artist-80,Music-8,1,2,1,0,2,1,1,1,1,AAA
Artist-80,Music-9,1,1,0,1,1,0,2,2,1,AAA
Artist-81,Music-0,0,0,1,1,0,1,0,1,1,AAA
Artist-81,Music-1,0,1,2,0,1,0,2,0,1,AAA
Artist-81,Music-2,2,1,0,1,1,0,2,2,0,AAA
Artist-81,Music-3,0,0,2,1,1,1,2,0,1,AAA
Artist-81,Music-4,2,1,2,1,1,1,0,0,0,AAA
Artist-81,Music-5,2,0,0,0,1,2,0,2,1,AAA
Artist-81,Music-6,0,0,0,2,0,0,1,2,1,AAA
Artist-81,Music-7,2,2,2,2,1,2,2,0,1,AAA
Artist-81,Music-8,2,1,2,1,0,0,1,1,0,AAA
Artist-81,Music-9,2,1,2,2,2,2,1,2,0,AAA
Artist-82,Music-0,1,0,2,0,1,0,1,2,1,AAA
Artist-82,Music-1,1,0,0,2,2,0,1,2,1,AAA
Artist-82,Music-2,0,1,2,2,2,1,1,0,0,AAA
Artist-82,Music-3,0,0,1,0,1,2,0,2,1,AAA
Artist-82,Music-4,1,1,0,0,2,2,1,2,0,AAA
Artist-82,Music-5,2,1,2,1,1,0,0,2,0,AAA
Artist-82,Music-6,2,1,2,0,0,2,2,0,0,AAA
Artist-82,Music-7,1,2,2,2,1,0,0,2,1,AAA
Artist-82,Music-8,1,1,1,1,1,0,0,2,0,AAA
Artist-82,Music-9,2,0,2,2,2,2,1,0,1,AAA
Artist-83,Music-0,2,1,0,0,1,2,2,0,0,AAA
Artist-83,Music-1,0,0,1,0,2,0,2,2,1,AAA
Artist-83,Music-2,2,0,1,2,2,2,0,1,0,AAA
Artist-83,Music-3,2,0,1,1,2,0,0,0,1,AAA
Artist-83,Music-4,1,2,1,0,1,1,1,0,0,AAA
Artist-83,Music-5,0,0,2,0,0,1,1,2,1,AAA
Artist-83,Music-6,2,2,1,2,0,1,2,0,1,AAA
Artist-83,Music-7,2,0,1,2,1,2,1,2,0,AAA
Artist-83,Music-8,2,0,0,0,1,1,0,1,1,AAA
Artist-83,Music-9,0,2,2,0,1,1,1,0,0,AAA
Artist-84,Music-0,0,2,2,1,0,1,2,1,0,AAA
Artist-84,Music-1,1,2,0,0,1,0,2,0,0,AAA
Artist-84,Music-2,2,2,1,0,1,2,0,2,0,AAA
Artist-84,Music-3,2,2,2,1,0,0,1,2,0,AAA
Artist-84,Music-4,0,1,0,0,0,1,0,1,1,AAA
Artist-84,Music-5,1,2,2,1,0,1,1,2,1,AAA
Artist-84,Music-6,2,1,0,1,0,0,0,2,0,AAA
Artist-84,Music-7,1,2,1,0,2,1,2,0,0,AAA
Artist-84,Music-8,1,1,1,0,2,1,1,1,1,AAA
Artist-84,Music-9,0,1,1,1,2,1,2,0,1,AAA
Artist-85,Music-0,0,1,2,2,1,1,1,0,0,AAA
Artist-85,Music-1,2,0,1,1,2,0,2,0,0,AAA
Artist-85,Music-2,2,0,2,0,0,1,1,2,0,AAA
Artist-85,Music-3,1,1,0,1,0,1,2,1,0,AAA
Artist-85,Music-4,0,0,2,0,1,2,0,2,1,AAA
Artist-85,Music-5,2,1,0,2,0,0,0,2,1,AAA
Artist-85,Music-6,0,1,1,1,0,1,1,2,0,AAA
Artist-85,Music-7,1,1,1,1,2,2,0,2,0,AAA
Artist-85,Music-8,0,2,1,2,2,1,1,0,1,AAA
Artist-85,Music-9,1,0,2,1,2,0,2,1,1,AAA
Artist-86,Music-0,0,0,0,0,0,0,1,2,1,AAA
Artist-86,Music-1,0,0,1,2,0,2,1,2,1,AAA
Artist-86,Music-2,2,0,2,0,1,0,0,0,1,AAA
Artist-86,Music-3,2,1,1,0,1,2,0,0,0,AAA
Artist-86,Music-4,0,2,0,0,2,0,0,0,0,AAA
Artist-86,Music-5,1,2,2,1,1,0,0,0,1,AAA
Artist-86,Music-6,2,1,2,2,2,0,1,1,1,AAA
Artist-86,Music-7,1,2,1,1,1,1,1,0,1,AAA
Artist-86,Music-8,2,1,2,0,2,2,2,1,0,AAA
Artist-86,Music-9,0,2,1,2,0,1,2,1,1,AAA
Artist-87,Music-0,0,0,2,1,0,2,2,2,0,AAA
Artist-87,Music-1,0,2,0,2,0,1,2,2,0,AAA
Artist-87,Music-2,0,1,1,2,2,2,2,2,0,AAA
Artist-87,Music-3,0,2,0,0,2,0,1,0,0,AAA
Artist-87,Music-4,1,2,2,0,0,1,1,1,0,AAA
Artist-87,Music-5,0,0,1,2,1,0,2,0,0,AAA
Artist-87,Music-6,1,2,0,0,2,0,1,0,0,AAA
Artist-87,Music-7,2,1,2,2,2,2,0,1,1,AAA
Artist-87,Music-8,2,2,0,1,1,0,1,2,1,AAA
Artist-87,Music-9,1,2,2,0,2,1,0,1,0,AAA
Artist-88,Music-0,2,0,2,1,2,0,1,2,1,AAA
Artist-88,Music-1,0,0,1,2,2,0,1,1,1,AAA
Artist-88,Music-2,1,2,2,0,0,0,2,1,0,AAA
Artist-88,Music-3,2,1,2,0,0,1,2,2,1,AAA
Artist-88,Music-4,2,1,2,0,1,2,2,2,0,AAA
Artist-88,Music-5,0,1,1,0,2,0,2,2,1,AAA
Artist-88,Music-6,1,0,1,0,1,2,1,2,0,AAA
Artist-88,Music-7,0,0,0,1,1,2,2,1,0,AAA
Artist-88,Music-8,1,2,1,2,2,0,1,1,0,AAA
Artist-88,Music-9,2,2,0,1,1,1,1,1,1,AAA
Artist-89,Music-0,2,1,1,0,2,0,2,2,0,AAA
Artist-89,Music-1,2,1,0,0,0,2,1,0,1,AAA
Artist-89,Music-2,2,2,2,1,2,1,0,0,1,AAA
Artist-89,Music-3,2,0,1,1,0,0,2,2,0,AAA
Artist-89,Music-4,0,1,2,1,2,2,1,1,0,AAA
Artist-89,Music-5,0,0,2,1,0,0,2,2,0,AAA
Artist-89,Music-6,2,1,2,1,0,2,0,0,0,AAA
Artist-89,Music-7,0,0,2,0,2,1,2,0,1,AAA
Artist-89,Music-8,2,2,1,0,0,1,2,2,1,AAA
Artist-89,Music-9,1,2,2,0,0,1,2,2,1,AAA
Artist-90,Music-0,1,0,0,0,2,2,2,0,1,AAA
Artist-90,Music-1,2,1,2,0,0,2,2,2,1,AAA
Artist-90,Music-2,1,1,2,1,2,2,0,2,1,AAA
Artist-90,Music-3,1,2,2,1,2,1,1,0,1,AAA
Artist-90,Music-4,0,0,2,1,1,0,2,0,0,AAA
Artist-90,Music-5,1,2,1,0,0,0,1,2,1,AAA
Artist-90,Music-6,0,1,0,1,0,1,2,1,1,AAA
Artist-90,Music-7,0,0,2,1,0,1,1,1,1,AAA
Artist-90,Music-8,2,1,0,2,2,0,1,2,0,AAA
Artist-90,Music-9,2,1,1,0,0,1,0,2,0,AAA
Artist-91,Music-0,0,0,2,0,1,0,2,1,0,AAA
Artist-91,Music-1,2,0,1,1,2,0,0,0,0,AAA
Artist-91,Music-2,0,2,0,0,0,1,2,0,1,AAA
Artist-91,Music-3,0,1,0,2,2,2,2,2,1,AAA
Artist-91,Music-4,2,0,2,1,1,0,1,0,1,AAA
Artist-91,Music-5,2,2,1,1,0,2,2,0,1,AAA
Artist-91,Music-6,1,2,2,0,1,2,0,2,0,AAA
Artist-91,Music-7,1,2,1,1,0,1,2,1,0,AAA
Artist-91,Music-8,2,1,0,0,1,2,0,1,1,AAA
Artist-91,Music-9,1,2,0,1,0,2,0,2,0,AAA
Artist-92,Music-0,2,2,0,1,2,0,1,2,1,AAA
Artist-92,Music-1,0,0,1,2,0,2,1,0,1,AAA
Artist-92,Music-2,1,1,1,2,2,0,2,1,1,AAA
Artist-92,Music-3,1,0,0,0,1,0,0,2,0,AAA
Artist-92,Music-4,2,2,0,1,2,2,2,0,1,AAA
Artist-92,Music-5,0,0,1,2,1,2,2,1,0,AAA
Artist-92,Music-6,2,0,2,0,1,0,0,0,1,AAA
Artist-92,Music-7,2,0,1,1,0,0,1,2,1,AAA
Artist-92,Music-8,1,2,2,2,0,0,1,1,1,AAA
Artist-92,Music-9,0,0,1,1,1,2,0,0,0,AAA
Artist-93,Music-0,2,0,2,1,0,2,0,2,0,AAA
Artist-93,Music-1,0,1,2,1,1,1,0,1,1,AAA
Artist-93,Music-2,1,2,2,0,0,0,1,1,1,AAA
Artist-93,Music-3,0,1,2,0,0,0,2,0,1,AAA
Artist-93,Music-4,0,2,1,1,0,0,1,0,0,AAA
Artist-93,Music-5,0,2,0,1,0,2,0,1,1,AAA
Artist-93,Music-6,2,1,1,1,0,1,0,1,0,AAA
Artist-93,Music-7,1,0,1,1,2,2,0,0,0,AAA
Artist-93,Music-8,1,2,0,1,0,1,0,2,1,AAA
Artist-93,Music-9,1,2,2,1,1,0,1,1,0,AAA
Artist-94,Music-0,1,0,0,1,0,1,1,0,0,AAA
Artist-94,Music-1,1,0,0,2,2,0,1,0,0,AAA
Artist-94,Music-2,1,0,1,0,2,1,2,1,0,AAA
Artist-94,Music-3,2,2,1,2,0,2,2,2,0,AAA
Artist-94,Music-4,1,0,2,1,2,0,2,2,0,AAA
Artist-94,Music-5,2,1,1,0,2,1,1,2,0,AAA
Artist-94,Music-6,2,0,1,2,0,1,2,1,0,AAA
Artist-94,Music-7,0,0,2,1,1,1,2,1,1,AAA
Artist-94,Music-8,1,1,0,0,0,2,0,2,0,AAA
Artist-94,Music-9,1,0,2,2,1,0,1,0,1,AAA
Artist-95,Music-0,0,1,0,2,2,2,2,2,0,AAA
Artist-95,Music-1,2,2,2,1,2,1,0,2,0,AAA
Artist-95,Music-2,1,0,0,1,0,1,1,2,0,AAA
Artist-95,Music-3,2,0,1,1,0,0,2,0,0,AAA
Artist-95,Music-4,0,1,2,0,0,1,1,1,0,AAA
Artist-95,Music-5,0,0,2,1,2,2,1,2,1,AAA
Artist-95,Music-6,0,0,2,2,0,2,0,2,0,AAA
Artist-95,Music-7,2,2,2,2,0,1,2,1,0,AAA
Artist-95,Music-8,2,1,1,0,1,2,1,2,1,AAA
Artist-95,Music-9,1,0,2,2,1,0,2,1,1,AAA
Artist-96,Music-0,1,2,0,1,0,0,1,0,1,AAA
Artist-96,Music-1,0,2,2,0,1,0,1,2,1,AAA
Artist-96,Music-2,2,1,2,1,1,0,2,0,1,AAA
Artist-96,Music-3,1,0,1,0,0,1,1,2,0,AAA
Artist-96,Music-4,0,0,0,1,0,0,2,2,1,AAA
Artist-96,Music-5,2,1,1,1,2,1,1,1,0,AAA
Artist-96,Music-6,0,2,1,0,0,0,1,1,1,AAA
Artist-96,Music-7,2,0,2,0,2,0,1,1,0,AAA
Artist-96,Music-8,2,2,1,1,0,1,0,1,1,AAA
Artist-96,Music-9,1,1,2,2,0,0,1,2,0,AAA
Artist-97,Music-0,0,0,0,0,0,0,2,1,1,AAA
Artist-97,Music-1,0,2,0,0,0,0,2,2,0,AAA
Artist-97,Music-2,1,2,1,0,0,0,0,0,0,AAA
Artist-97,Music-3,0,0,2,0,1,0,2,0,0,AAA
Artist-97,Music-4,0,2,1,0,1,0,2,0,1,AAA
Artist-97,Music-5,2,1,1,1,2,1,2,1,1,AAA
Artist-97,Music-6,0,0,0,2,2,2,1,1,0,AAA
Artist-97,Music-7,2,1,2,0,2,1,2,1,1,AAA
Artist-97,Music-8,2,0,0,2,1,0,2,0,0,AAA
Artist-97,Music-9,2,1,2,1,1,2,2,1,0,AAA
Artist-98,Music-0,2,1,1,1,1,2,2,1,1,AAA
Artist-98,Music-1,1,1,2,0,1,2,1,0,0,AAA
Artist-98,Music-2,2,0,0,1,2,1,1,1,1,AAA
Artist-98,Music-3,0,1,2,1,1,2,2,1,0,AAA
Artist-98,Music-4,0,0,0,2,2,2,2,1,0,AAA
Artist-98,Music-5,1,0,1,2,1,2,1,0,1,AAA
Artist-98,Music-6,0,1,0,1,2,2,2,0,1,AAA
Artist-98,Music-7,0,1,1,0,1,0,1,2,1,AAA
Artist-98,Music-8,2,0,2,0,2,2,2,2,1,AAA
Artist-98,Music-9,2,0,2,2,2,0,0,1,0,AAA
Artist-99,Music-0,2,0,0,2,1,1,2,0,0,AAA
Artist-99,Music-1,0,2,0,2,2,0,0,1,1,AAA
Artist-99,Music-2,0,0,0,1,1,2,1,2,0,AAA
Artist-99,Music-3,0,0,0,0,1,2,0,2,0,AAA
Artist-99,Music-4,0,2,1,1,2,0,1,0,0,AAA
Artist-99,Music-5,1,2,2,0,1,2,1,1,1,AAA
Artist-99,Music-6,0,1,2,1,2,0,0,2,0,AAA
Artist-99,Music-7,0,2,0,1,0,0,1,1,0,AAA
Artist-99,Music-8,2,2,0,2,0,0,0,0,1,AAA
Artist-99,Music-9,0,0,1,0,2,2,2,2,0,AAA
