ベートーヴェンAAA交響曲第1番 Op21AAA Fl: 2, Ob: 2, Cl: 2, Fg: 2, 
Hr: 2, Tp: 2, 
Timp: 1, 
ベートーヴェンAAA交響曲第2番 Op36AAA Fl: 2, Ob: 2, Cl: 2, Fg: 2, 
Hr: 2, Tp: 2, 
Timp: 1, 
ベートーヴェンAAA交響曲第3番「英雄」 Op55AAA Fl: 2, Ob: 2, Cl: 2, Fg: 2, 
Hr: 3, Tp: 2, 
Timp: 1, 
ベートーヴェンAAA交響曲第4番 Op60AAA Fl: 1, Ob: 2, Cl: 2, Fg: 2, 
Hr: 2, Tp: 2, 
Timp: 1, 
ベートーヴェンAAA交響曲第5番「運命」 Op67AAA Fl: 2, Picc: 1, Ob: 2, Cl: 2, Fg: 2, Cfg: 1, 
Hr: 2, Tp: 2, Tb: 3, 
Timp: 1, 
ベートーヴェンAAA交響曲第6番「田園」 Op68AAA Fl: 2, Picc: 1, Ob: 2, Cl: 2, Fg: 2, 
Hr: 2, Tp: 2, Tb: 2, 
Timp: 1, 
ベートーヴェンAAA交響曲第7番 Op92AAA Fl: 2, Ob: 2, Cl: 2, Fg: 2, 
Hr: 2, Tp: 2, 
Timp: 1, 
ベートーヴェンAAA交響曲第8番 Op93AAA Fl: 2, Ob: 2, Cl: 2, Fg: 2, 
Hr: 2, Tp: 2, 
Timp: 1, 
ベートーヴェンAAA交響曲第9番「合唱付き」 Op125AAA Fl: 2, Picc: 1, Ob: 2, Cl: 2, Fg: 2, Cfg: 1, 
Hr: 4, Tp: 2, Tb: 3, 
Timp: 1, Cym: 1, Trg: 1, BD: 1, 
ベートーヴェンAAAバイオリン協奏曲 Op61AAA Fl: 1, Ob: 2, Cl: 2, Fg: 2, 
Hr: 2, Tp: 2, 
Timp: 1, 
ベートーヴェンAAAピアノ協奏曲第1番 Op15AAA Fl: 1, Ob: 2, Cl: 2, Fg: 2, 
Hr: 2, Tp: 2, 
Timp: 1, 
ベートーヴェンAAAピアノ協奏曲第2番 Op19AAA Fl: 1, Ob: 2, Fg: 2, 
Hr: 2, 

ベートーヴェンAAAピアノ協奏曲第3番 Op37AAA Fl: 2, Ob: 2, Cl: 2, Fg: 2, 
Hr: 2, Tp: 2, 
Timp: 1, 
ベートーヴェンAAAピアノ協奏曲第4番 Op58AAA Fl: 1, Ob: 2, Cl: 2, Fg: 2, 
Hr: 2, Tp: 2, 
Timp: 1, 
ベートーヴェンAAAピアノ協奏曲第5番「皇帝」 Op73AAA Fl: 2, Ob: 2, Cl: 2, Fg: 2, 
Hr: 2, Tp: 2, 
Timp: 1, 
ベートーヴェンAAAピアノ・バイオリンとチェロのための三重協奏曲 ハ長調 Op56AAA Fl: 1, Ob: 2, Cl: 2, Fg: 2, 
Hr: 2, Tp: 2, 
Timp: 1, 
ベートーヴェンAAAバイオリンと管弦楽のためのロマンス第1番 Op40AAA Fl: 1, Ob: 2, Fg: 2, 
Hr: 2, 

ベートーヴェンAAAバイオリンと管弦楽のためのロマンス第2番 Op50AAA Fl: 1, Ob: 2, Fg: 2, 
Hr: 2, 

ベートーヴェンAAA序曲「レオノーレ」第1番 Op138AAA Fl: 2, Ob: 2, Cl: 2, Fg: 2, 
Hr: 4, Tp: 2, 
Timp: 1, 
ベートーヴェンAAA序曲「レオノーレ」第2番 Op72aAAA Fl: 2, Ob: 2, Cl: 2, Fg: 2, 
Hr: 4, Tp: 2, Tb: 3, 
Timp: 1, 
ベートーヴェンAAA序曲「レオノーレ」第3番 Op72bAAA Fl: 2, Ob: 2, Cl: 2, Fg: 2, 
Hr: 4, Tp: 2, Tb: 3, 
Timp: 1, 
ベートーヴェンAAA付随音楽「アテネの廃虚」 Op113 序曲AAA Fl: 2, Ob: 2, Cl: 2, Fg: 2, 
Hr: 4, Tp: 2, 
Timp: 1, 
ベートーヴェンAAA付随音楽「スタファン大王」 Op117 序曲AAA Fl: 2, Ob: 2, Cl: 2, Fg: 2, Cfg: 1, 
Hr: 4, Tp: 2, 
Timp: 1, 
ベートーヴェンAAAバレエ音楽「プロメテウスの創造物」 Op43 序曲AAA Fl: 2, Ob: 2, Cl: 2, Fg: 2, 
Hr: 2, Tp: 2, 
Timp: 1, 
ベートーヴェンAAA序曲「命名祝日」 Op115AAA Fl: 2, Ob: 2, Cl: 2, Fg: 2, 
Hr: 4, Tp: 2, 
Timp: 1, 
ベートーヴェンAAA劇音楽「エグモント」 Op84 序曲AAA Fl: 2, Picc: (1), Ob: 2, Cl: 2, Fg: 2, 
Hr: 4, Tp: 2, 
Timp: 1, 
ベートーヴェンAAA序曲「コリオラン」 Op62AAA Fl: 2, Ob: 2, Cl: 2, Fg: 2, 
Hr: 2, Tp: 2, 
Timp: 1, 
ベートーヴェンAAA歌劇「フィデリオ」序曲AAA Fl: 2, Ob: 2, Cl: 2, Fg: 2, 
Hr: 4, Tp: 2, Tb: 2, 
Timp: 1, 
ベートーヴェンAAA序曲「献堂式」 Op124AAA Fl: 2, Ob: 2, Cl: 2, Fg: 2, 
Hr: 4, Tp: 2, Tb: 3, 
Timp: 1, 
ベートーヴェンAAA11のウィーン舞曲 WoO17AAA 


ベートーヴェンAAA12のコントルタンツ WoO14AAA Fl: 1, Ob: 2, Cl: 2, Fg: 2, 
Hr: 2, 

ベートーヴェンAAA12のドイツ舞曲 WoO8AAA Fl: 2, Picc: 1, Ob: 2, Cl: 2, Fg: 2, 
Hr: 2, Tp: 2, Crnt: 1, 
Timp: 1, 
ベートーヴェンAAAウェリントンの勝利(戦争交響曲) Op91AAA Fl: 2, Picc: 1, Ob: 2, Cl: 2, Fg: 2, 
Hr: 4, Tp: 4, Tb: 3, 
Timp: 1, Cym: 1, Trg: 1, BD: 1, 
ベートーヴェンAAA合唱幻想曲 Op80AAA Fl: 2, Ob: 2, Cl: 2, Fg: 2, 
Hr: 2, Tp: 2, 
Timp: 1, 
ベートーヴェンAAAミサ曲 op.86AAA Fl: 2, Ob: 2, Cl: 2, Fg: 2, 
Hr: 2, Tp: 2, 
Timp: 1, 
ベートーヴェンAAA荘厳ミサ曲 op.123AAA Fl: 2, Ob: 2, Cl: 2, Fg: 2, Cfg: 1, 
Hr: 4, Tp: 2, Tb: 3, 
Timp: 1, 
